{"cameraMode":{"drawMode":0,"name":"Shaded","section":"Shading Mode"},"sceneLighting":false,"audioPlay":false,"sceneViewState":{"m_AlwaysRefresh":false,"showFog":true,"showSkybox":false,"showFlares":true,"showImageEffects":true,"showParticleSystems":true,"showVisualEffectGraphs":true,"m_FxEnabled":true},"in2DMode":false,"pivot":{"x":0.11000001430511475,"y":0.5550000071525574,"z":12.319999694824219},"rotation":{"x":0.4624055027961731,"y":0.07191109657287598,"z":-0.03724738955497742,"w":0.8838223218917847},"size":7.599582195281982,"orthographic":false}