{"cameraMode":{"drawMode":0,"name":"Shaded","section":"Shading Mode"},"sceneLighting":false,"audioPlay":false,"sceneViewState":{"m_AlwaysRefresh":false,"showFog":true,"showSkybox":false,"showFlares":true,"showImageEffects":true,"showParticleSystems":true,"showVisualEffectGraphs":true,"m_FxEnabled":true},"in2DMode":false,"pivot":{"x":0.5518980026245117,"y":1.1092647314071656,"z":-0.8173973560333252},"rotation":{"x":0.036016449332237247,"y":0.952101469039917,"z":-0.12350865453481674,"w":0.27769675850868227},"size":2.1241979598999025,"orthographic":false}